FullPath	SizeBytes	LastModified
C:\Users\arunr\Projects\substation-analytics-dashboard\_Date Master TS Bhiwani.xlsx	108556	2026-06-25 12:21:44
C:\Users\arunr\Projects\substation-analytics-dashboard\data\cache\0027476d00c96d26a1087127c85897fcbd7860f470ea01e4010777f524fb1389.xlsx	2942354	2026-06-24 17:06:45
C:\Users\arunr\Projects\substation-analytics-dashboard\data\cache\0080a3fd018a4aa110d110ad093af26ec9966379817935a8a507e4a919a6d005.xlsx	3135309	2026-06-24 11:44:48
C:\Users\arunr\Projects\substation-analytics-dashboard\data\cache\0138c2696af07a0a28245f7e13ad2e0afb53d11f45ca4a78058633993d92bd3a.xlsx	3061035	2026-06-24 12:11:13
C:\Users\arunr\Projects\substation-analytics-dashboard\data\cache\0147f863f274208d5502fce3b22076abb08baf3c856eab643007d3213f9b49d5.xlsx	3207637	2026-06-24 11:09:33
C:\Users\arunr\Projects\substation-analytics-dashboard\data\cache\01530275f88adf50e67a2a99f05ad079ae9e7214f777b06d56964b4645c42799.xlsx	2959372	2026-06-24 16:19:33
C:\Users\arunr\Projects\substation-analytics-dashboard\data\cache\028eec8cdbeb185712323c2183da3c907784da2bc163b997d7b214f8fa7a5582.xlsx	2937319	2026-06-24 17:24:43
C:\Users\arunr\Projects\substation-analytics-dashboard\data\cache\04b059fa852e8dfeed02b0741744f81365b41cb9383aff2b4e03f87fe6581eaa.xlsx	3130511	2026-06-24 11:46:00
C:\Users\arunr\Projects\substation-analytics-dashboard\data\cache\04d602cd41c5044830cad32388e50dbeb2cfb5f65f55ec8bd0d4a9d621eb092e.xlsx	2946545	2026-06-24 17:19:51
C:\Users\arunr\Projects\substation-analytics-dashboard\data\cache\04dc867d4a28519ff7a0a46b4501ed576b0cf248cd80da2fc7cd511603085340.xlsx	3040747	2026-06-24 12:13:36
C:\Users\arunr\Projects\substation-analytics-dashboard\data\cache\04e7682ce9451aae4015dfdd79f5e3d33f0071f964ca536290241456296be317.xlsx	3237861	2026-06-24 11:41:34
C:\Users\arunr\Projects\substation-analytics-dashboard\data\cache\04fc7b63b46d28e358f9dd44a50bb0d7f4284aa1c05c10f1a63f79b02128169e.xlsx	3233501	2026-06-24 11:33:11
C:\Users\arunr\Projects\substation-analytics-dashboard\data\cache\056b76d8cdd3a7e28dec6836d245cc163e97c5d558d3bb771fd1cba77de66735.xlsx	2960956	2026-06-24 14:12:26
C:\Users\arunr\Projects\substation-analytics-dashboard\data\cache\088987a1f8a8e33fb3f689cd4010ff94fa49d7dafc15764e3734c83d282c2104.xlsx	3038831	2026-06-24 12:36:21
C:\Users\arunr\Projects\substation-analytics-dashboard\data\cache\08e151ea7014231874994e08724251a9f907241ebdff69f2da0889790b9f9a30.xlsx	2961520	2026-06-24 15:49:45
C:\Users\arunr\Projects\substation-analytics-dashboard\data\cache\091bfeec0c74f24c7b72a1b1931ce2164ab3da0f5010154d0e97d4ad23010f19.xlsx	2943259	2026-06-24 17:10:27
C:\Users\arunr\Projects\substation-analytics-dashboard\data\cache\091ffea1938fdc8bf5d45a0b0554f5c8240538277cea1999d6de9a52d42e126e.xlsx	2964159	2026-06-24 14:19:09
C:\Users\arunr\Projects\substation-analytics-dashboard\data\cache\092f0253bc36beff7986f125f05a846a67712e093a87799393747a0d6217b791.xlsx	3046569	2026-06-24 12:25:31
C:\Users\arunr\Projects\substation-analytics-dashboard\data\cache\0938d0f32d80951d3d5523be46df7559c47a556b35cdb1ffb9d7d1e1eb3be174.xlsx	2964219	2026-06-24 14:10:16
C:\Users\arunr\Projects\substation-analytics-dashboard\data\cache\09395261701773cbf1c120dc9fcedacf0dd96f74f0d7fb6b9ccfca02b9d87c3d.xlsx	3208219	2026-06-24 11:15:49
C:\Users\arunr\Projects\substation-analytics-dashboard\data\cache\0b2ee10639888a98604f11621c126a7f643c81fabd8639960d6933c8dfd1f94a.xlsx	3209319	2026-06-24 11:11:42
C:\Users\arunr\Projects\substation-analytics-dashboard\data\cache\0bb28f3fb59366ccb139dd891c0c54c5d0d8af90cee4e1cbc790301e65e94e76.xlsx	3030431	2026-06-24 12:15:35
C:\Users\arunr\Projects\substation-analytics-dashboard\data\cache\0bbb59e37fb63c0767f314acdfdd85720441ae7570a9fea798532eaf623f09e9.xlsx	2937516	2026-06-24 17:01:45
C:\Users\arunr\Projects\substation-analytics-dashboard\data\cache\0ccbdf7a105eed27ca3d983bcd7f6c854fbb0849d49bd1d565e87506748094f0.xlsx	3225021	2026-06-24 11:24:58
C:\Users\arunr\Projects\substation-analytics-dashboard\data\cache\0d428decfd44f70922e11748fb3a119e554dc3bfed40a684b481687967ac403f.xlsx	2935764	2026-06-24 17:07:47
C:\Users\arunr\Projects\substation-analytics-dashboard\data\cache\0da6e0b6f5cb23445a05a26b2e8a86eaaafa25479f39d7d3d2cf8fd85004eb98.xlsx	2946221	2026-06-24 17:18:48
C:\Users\arunr\Projects\substation-analytics-dashboard\data\cache\0ddb9478aea5e6510f57babd2fd0c14dc53979d32f8dda336b1646ec5b69ef94.xlsx	3050512	2026-06-24 12:26:02
C:\Users\arunr\Projects\substation-analytics-dashboard\data\cache\0e2188c63a87017a38f8ed9ba2e3e1beee9b0606640e41dee621baabc52cadca.xlsx	2955670	2026-06-24 13:53:42
C:\Users\arunr\Projects\substation-analytics-dashboard\data\cache\0ec32292c33fb8a63b03324ed190d824f9657ae00a72adac5a755d7f4d2e4cf1.xlsx	3214986	2026-06-23 17:16:07
C:\Users\arunr\Projects\substation-analytics-dashboard\data\cache\1002597cd7e94f2d68d5d31c0c3b7b3f30064743fcc463e79177a284b3b1d438.xlsx	3220598	2026-06-24 11:31:35
C:\Users\arunr\Projects\substation-analytics-dashboard\data\cache\10293611f8c9280bd22ebb3b1b2b503cf308ca85ebd327de5f4c8bace35d5577.xlsx	2956108	2026-06-24 14:03:40
C:\Users\arunr\Projects\substation-analytics-dashboard\data\cache\103e8fc72b158f5b4a02b97f5db9069f1dff7e5910e7510d41ecb97ba96453ac.xlsx	3134379	2026-06-23 17:03:23
C:\Users\arunr\Projects\substation-analytics-dashboard\data\cache\1067f85bbf7426ee4f71d7377fba2ac246166de20c220fe0656bc15e8e884acd.xlsx	2972892	2026-06-24 15:35:12
C:\Users\arunr\Projects\substation-analytics-dashboard\data\cache\1226270c13781d505dc7008f851805a4f7519d46ba05b6622f6769fa7e5a483f.xlsx	3045391	2026-06-24 12:30:32
C:\Users\arunr\Projects\substation-analytics-dashboard\data\cache\12c2e5a04ed8c4e51e1efaf553f30233d7903752cf333b5be361726463a68bc9.xlsx	3207843	2026-06-24 11:17:12
C:\Users\arunr\Projects\substation-analytics-dashboard\data\cache\131effb31fc4d7bb96c468bdc2559e9a9b86d37a0a93632c0c30e39cb36e4266.xlsx	2935863	2026-06-24 15:41:21
C:\Users\arunr\Projects\substation-analytics-dashboard\data\cache\1461de78cf9353e3d759027f4d3723082ef7e1998efd1074f670c9fb457900b3.xlsx	3127205	2026-06-24 11:50:39
C:\Users\arunr\Projects\substation-analytics-dashboard\data\cache\14ea881d1f838fc24d311ebc5fcb6c35b5f59e00a62ea8390908d6c43ebe9ef7.xlsx	3223950	2026-06-24 11:33:41
C:\Users\arunr\Projects\substation-analytics-dashboard\data\cache\15aae124a1d32d546a5baf7e40ec2f545390d414c26ac21fe21c3605ca2d4adf.xlsx	3224057	2026-06-24 11:36:07
C:\Users\arunr\Projects\substation-analytics-dashboard\data\cache\1785fe837c9f743494b0ca106e94cdd965d13a4b79d531351ffe84960f460dc8.xlsx	2929933	2026-06-24 17:27:04
C:\Users\arunr\Projects\substation-analytics-dashboard\data\cache\19495d770f09c169cc531b82b2d2831d5dfcb1f075f7fc992a9a069fff636ba2.xlsx	3214288	2026-06-24 10:57:49
C:\Users\arunr\Projects\substation-analytics-dashboard\data\cache\19d45429d3bfb353adff3e819003f0e2452a7bf1ef30a3d39dda98bca252cc58.xlsx	2951736	2026-06-24 14:11:43
C:\Users\arunr\Projects\substation-analytics-dashboard\data\cache\1ab1e75952d9da3e697d1559939a9ea65501ffce5d8cacad95609bdd1ef05913.xlsx	3133067	2026-06-24 11:43:49
C:\Users\arunr\Projects\substation-analytics-dashboard\data\cache\1b1fc8dbe8d0af6e8b9060feb1d8ea2beddd10350609f7d2b6806a8b97332f40.xlsx	3130948	2026-06-23 17:07:39
C:\Users\arunr\Projects\substation-analytics-dashboard\data\cache\1bd988effb30d243d6e74c307565f753cfe71227b87c9b3e15cbd853ad0a8746.xlsx	2938972	2026-06-24 17:17:28
C:\Users\arunr\Projects\substation-analytics-dashboard\data\cache\1cd6906c75f5a953032c71b5369614007e8fd9a0e96e2f868e9a65036203af42.xlsx	3045444	2026-06-24 12:22:09
C:\Users\arunr\Projects\substation-analytics-dashboard\data\cache\1dea52fd6628f610c3a1d0018bf6d61d71ba980585e2a40e816aca98b1a94ab8.xlsx	2958342	2026-06-24 16:16:54
C:\Users\arunr\Projects\substation-analytics-dashboard\data\cache\1dfd9dc57e539b0d02fa047f93592470a54afb8df40e29dca6616200b4b8d000.xlsx	3132022	2026-06-24 11:49:13
C:\Users\arunr\Projects\substation-analytics-dashboard\data\cache\1e25296e134e7544d948587414ab283b27badb839bdf4a673c8ad123bbf9220b.xlsx	2938168	2026-06-24 15:58:09
C:\Users\arunr\Projects\substation-analytics-dashboard\data\cache\1e4f7bc35ed9966c0d3692823985db6a37fc4d77b58776fa0b6be2e06cfadd95.xlsx	2964551	2026-06-24 14:16:20
C:\Users\arunr\Projects\substation-analytics-dashboard\data\cache\1eb01fa42905d51dd79965feca07c74b1fe7a9bc0f2b8df254bda019c930d009.xlsx	3131502	2026-06-23 17:04:08
C:\Users\arunr\Projects\substation-analytics-dashboard\data\cache\1f6a4086d8f91e6f202dc4b174acc7395ca5f9e60033bc6b3f0b699c34f62b49.xlsx	3125528	2026-06-24 11:56:52
C:\Users\arunr\Projects\substation-analytics-dashboard\data\cache\1f9825ebc6896a32aa81750c83e6e8141d484caace621789fb79091bdd32b7b6.xlsx	3129245	2026-06-23 16:58:57
C:\Users\arunr\Projects\substation-analytics-dashboard\data\cache\20a84e61549faa1aed5f8af8e03f3841c16917fc3825b1ece730501552c1f57e.xlsx	2933035	2026-06-24 17:28:26
C:\Users\arunr\Projects\substation-analytics-dashboard\data\cache\2131d13207612ff5cce0e38855d7b377d93a4d49d9e5e4ff6a3b15c790c70a99.xlsx	3130114	2026-06-23 16:56:41
C:\Users\arunr\Projects\substation-analytics-dashboard\data\cache\2200fc36cee61c0288356da07423801c4dd39ff47b1a1c5d126fbdc9728e27d0.xlsx	2955727	2026-06-24 14:04:27
C:\Users\arunr\Projects\substation-analytics-dashboard\data\cache\22349f4a1492d2e5da1e1d7798a29498b62ab82e1074a2963b2531ae168bd24c.xlsx	3041389	2026-06-24 12:15:04
C:\Users\arunr\Projects\substation-analytics-dashboard\data\cache\223f072640bbbae1962d27d5b5e6da725b6e190ac6c3b5047ae1fb25d82e6859.xlsx	3217898	2026-06-24 11:32:42
C:\Users\arunr\Projects\substation-analytics-dashboard\data\cache\22f94ff586e497b8513f94a6b2d249c397f605d59882e33e93db8c2d094f2836.xlsx	3050009	2026-06-24 12:31:16
C:\Users\arunr\Projects\substation-analytics-dashboard\data\cache\230073111a9302537235bf517cfc687651d0a30aff620c1ad352568bcd4ec209.xlsx	2966597	2026-06-24 15:31:34
C:\Users\arunr\Projects\substation-analytics-dashboard\data\cache\2338bc060fe50a511f7752499929191b822e72b763b3f91da01271af4459dbe0.xlsx	3041482	2026-06-24 12:21:07
C:\Users\arunr\Projects\substation-analytics-dashboard\data\cache\23d33df9fb3e811be511d80f25ca02f057c6e2ec14c76c2e7f030432ba539c6b.xlsx	3134097	2026-06-23 16:59:41
C:\Users\arunr\Projects\substation-analytics-dashboard\data\cache\2435d2049974d4057b41fc3897f385317e5663c8a4b6dce86ae7aad7a99324e4.xlsx	3042564	2026-06-24 12:23:00
C:\Users\arunr\Projects\substation-analytics-dashboard\data\cache\248a3863df3b469a60740f9187aea6f12f46b059340c67a0bcbefc29730dbfd1.xlsx	3350112	2026-06-24 11:53:19
C:\Users\arunr\Projects\substation-analytics-dashboard\data\cache\24f08c9ba97d04d0aa585eccf85d4354c63366b036661e9f58ede0d37021fc09.xlsx	3136277	2026-06-23 16:45:07
C:\Users\arunr\Projects\substation-analytics-dashboard\data\cache\2549cbf401e191ad0df39145886ca0d4c7ce54f482494b35c8d69ef89ae43811.xlsx	2939233	2026-06-24 17:20:49
C:\Users\arunr\Projects\substation-analytics-dashboard\data\cache\2600225d868149c8bc4f0964fbaf401bcda1b46680b382647ecaafc6c4838319.xlsx	2966436	2026-06-24 15:30:51
C:\Users\arunr\Projects\substation-analytics-dashboard\data\cache\26b66752aabfc5b544e9e163d35f1a34a169bfa786ab0f34106f38d59dc32938.xlsx	3121735	2026-06-24 12:03:18
C:\Users\arunr\Projects\substation-analytics-dashboard\data\cache\2837f6f5865fa17da2fa3bed3bd39a8a6e2dea9b3bfc4e47d9794506e2ce8343.xlsx	3219963	2026-06-24 11:27:45
C:\Users\arunr\Projects\substation-analytics-dashboard\data\cache\2905b3443541ceaafc46d2a808b1e0d702fc5a7a4d28b8df766e777f2ecb505f.xlsx	3128806	2026-06-23 17:09:14
C:\Users\arunr\Projects\substation-analytics-dashboard\data\cache\2940ce2043e2a70d44ca5b165caeaf91c8f43f68e9a80f7ee63c09d7da865c0c.xlsx	2949439	2026-06-24 16:00:14
C:\Users\arunr\Projects\substation-analytics-dashboard\data\cache\2acb20cc2187501f1cf02ce503e10028f807be655af0bddace9cb78579f54f70.xlsx	3218999	2026-06-24 11:30:57
C:\Users\arunr\Projects\substation-analytics-dashboard\data\cache\2d6dd24696207d07144a05f9628cdec26241c14abfe5d7c3f52ac47631d024bc.xlsx	2934087	2026-06-24 17:02:55
C:\Users\arunr\Projects\substation-analytics-dashboard\data\cache\2d990a36a46cd38145cda97691fd51a5477701e49e7536e798d021596fc41d39.xlsx	3041482	2026-06-24 12:27:29
C:\Users\arunr\Projects\substation-analytics-dashboard\data\cache\2efb300dbb61429727ed8b2f172da178522f7a739900ddc1f5747007e43d3bfa.xlsx	3132782	2026-06-24 12:03:46
C:\Users\arunr\Projects\substation-analytics-dashboard\data\cache\2f7a85d69a2fd99c3740972801660e1c3ccbd510293b661293f437e726a0d62d.xlsx	2966263	2026-06-24 13:50:00
C:\Users\arunr\Projects\substation-analytics-dashboard\data\cache\304f995d00ba97e10efdb48fa6f492cc16d26e4b1a9050e3170eb1566a8b8f73.xlsx	3041820	2026-06-24 12:29:15
C:\Users\arunr\Projects\substation-analytics-dashboard\data\cache\30b89dbcca54eeccdf94e5bebc9a49d926ba4febeb498c0e45ef4efe76da7c22.xlsx	3227177	2026-06-24 11:28:13
C:\Users\arunr\Projects\substation-analytics-dashboard\data\cache\326f2abc52435a66a852c99982bad25eb3c154ec5dbd7e0639ed811395afef96.xlsx	2963394	2026-06-24 15:42:10
C:\Users\arunr\Projects\substation-analytics-dashboard\data\cache\328f963a58c9cb09606c68da875679430cab5df33f069345437a25fa6098498d.xlsx	3041624	2026-06-24 12:18:05
C:\Users\arunr\Projects\substation-analytics-dashboard\data\cache\3292f62c065f6ce0b563efa8b8b60610895447161c8bc851355ea928cc31f229.xlsx	2959499	2026-06-24 13:59:01
C:\Users\arunr\Projects\substation-analytics-dashboard\data\cache\32a77fdfab760e3b82ea8d9ba2f8b61cd2268b8918572ac586c926194ab8b5ef.xlsx	2969764	2026-06-24 15:39:04
C:\Users\arunr\Projects\substation-analytics-dashboard\data\cache\3375148999466793bfc5b62244d10d48f55bd90b7119fb152586ce30b09ceaaf.xlsx	3151270	2026-06-24 12:04:15
C:\Users\arunr\Projects\substation-analytics-dashboard\data\cache\33f76c31d84eedfdc37f03aa543c71d6e7f9a1ba4e2a360a51a05c18c7100eff.xlsx	3057003	2026-06-24 12:20:29
C:\Users\arunr\Projects\substation-analytics-dashboard\data\cache\34134d21f347aae33d5a22109a32c08b597c2ae570e906c8fb1055b5d570898e.xlsx	2931298	2026-06-24 17:27:30
C:\Users\arunr\Projects\substation-analytics-dashboard\data\cache\349aadeae0d772d9044e1e93547f4657be3a67266e9cca7d4e25e69748b664cc.xlsx	3222771	2026-06-24 11:03:36
C:\Users\arunr\Projects\substation-analytics-dashboard\data\cache\355519e9be3a734ae2cfea1b10f0e305d6bb1e08786e211a062a29b9585657f7.xlsx	3220162	2026-06-24 11:06:35
C:\Users\arunr\Projects\substation-analytics-dashboard\data\cache\3657aa2253bcd54e2fed5df7dd747bb2156e4a404f1fd020b1e37f3934c992ea.xlsx	2971141	2026-06-24 15:38:18
C:\Users\arunr\Projects\substation-analytics-dashboard\data\cache\368fae64d7cb21efce4c391afcddfa39284b52ac14b0a111e037d8231b58bfcd.xlsx	2949702	2026-06-24 16:01:51
C:\Users\arunr\Projects\substation-analytics-dashboard\data\cache\36fd1fadbac89d61e7f71b7660b767ecfba51ef8b2293e5a69f0e9d1efc34193.xlsx	2941290	2026-06-24 17:04:18
C:\Users\arunr\Projects\substation-analytics-dashboard\data\cache\3890c11b4c02f997ca5e48e44394bf8fa18aa20ed7dc893d2b98e0ab0bf6404b.xlsx	2955674	2026-06-24 13:56:27
C:\Users\arunr\Projects\substation-analytics-dashboard\data\cache\38e293b1dd72d750d44a7b8db0e70b3e6bd0380ed04112b7f33a3a870d301fab.xlsx	3118688	2026-06-23 17:11:26
C:\Users\arunr\Projects\substation-analytics-dashboard\data\cache\3958fce20657eeaaa364097cd9e18bc348bbf7ead5af86193b091b7534bd452e.xlsx	2956655	2026-06-24 14:05:57
C:\Users\arunr\Projects\substation-analytics-dashboard\data\cache\399a2bd4335ee7a9f158c5f0a5b5e28fdf154bebf4b6d94d5545192f722b0af6.xlsx	3133097	2026-06-24 12:00:42
C:\Users\arunr\Projects\substation-analytics-dashboard\data\cache\3b635a15ec3980d218ca8e20b45adf67fb9674ccea080410eb60bf39fb5458bc.xlsx	2951032	2026-06-24 16:21:02
C:\Users\arunr\Projects\substation-analytics-dashboard\data\cache\3be887d44f5bd5fe6b64235fbeb713ff8a17491d4058ec6d9ce9e1d8b987ea19.xlsx	2942519	2026-06-24 16:57:50
C:\Users\arunr\Projects\substation-analytics-dashboard\data\cache\3cc04ea67dbbe31cdd0cd13fe7c9482f16f5bbdb33278077436f90127b3b1bdd.xlsx	3060735	2026-06-24 12:10:42
C:\Users\arunr\Projects\substation-analytics-dashboard\data\cache\3cfbd18bb89995318442ce9ec7262b4a440929329ed5773a42bca1d6cc7cc9e8.xlsx	2941519	2026-06-24 17:16:54
C:\Users\arunr\Projects\substation-analytics-dashboard\data\cache\3d648aca7d3dfb99a4b121838a42663724734caa3fb55a725fb823d5aec3df78.xlsx	2938087	2026-06-24 17:25:07
C:\Users\arunr\Projects\substation-analytics-dashboard\data\cache\3ecb6d0d5c5765589f9d27f77d9cf57bc8af90d8ef619873a4f8e4bee8f4607d.xlsx	3222601	2026-06-24 11:25:28
C:\Users\arunr\Projects\substation-analytics-dashboard\data\cache\3f9c5381149819f3d43b61e3a200696e28b20d79300dd6e259448452de48f5da.xlsx	2962372	2026-06-24 15:35:58
C:\Users\arunr\Projects\substation-analytics-dashboard\data\cache\3fc7f14e30720c6d2e4001b32bff5c054c71c701c9c0caee2bce9dd2633b2dd4.xlsx	3220732	2026-06-24 11:42:38
C:\Users\arunr\Projects\substation-analytics-dashboard\data\cache\408365836d1c34a762747786e0b13879ea9e902b5c9b823c6f35ad62253f7b58.xlsx	3247271	2026-06-24 11:20:37
C:\Users\arunr\Projects\substation-analytics-dashboard\data\cache\41a7fdef4ff572cfc2e18d3d29cce1048b7d24c9e90568a3a918af31c673c1c5.xlsx	2949932	2026-06-24 16:08:18
C:\Users\arunr\Projects\substation-analytics-dashboard\data\cache\4240c7b0f1ed1d731f217617c598c9bcc953bd281e024ea4f9ab27114daf6600.xlsx	3137974	2026-06-23 16:57:25
C:\Users\arunr\Projects\substation-analytics-dashboard\data\cache\429a0b948f309fbe6a52be77a1a3b0a9405e352dce2a2c4381afd5fe73fb18cc.xlsx	3045222	2026-06-24 12:08:33
C:\Users\arunr\Projects\substation-analytics-dashboard\data\cache\44390ef0549d4a0851a691b5af77f5de380bbb78c853d2ec913680938482b206.xlsx	3044473	2026-06-24 12:14:32
C:\Users\arunr\Projects\substation-analytics-dashboard\data\cache\444e5f3cbdf4c86db4d947d9aae5dc62b6953c4a33a4013006fdf8d2db3eed30.xlsx	3131737	2026-06-24 11:55:44
C:\Users\arunr\Projects\substation-analytics-dashboard\data\cache\44c252d5e95cc114c8e78dabdc3e144c0a0a50a3a17e058e5271c4301c4887e3.xlsx	2947988	2026-06-24 17:13:41
C:\Users\arunr\Projects\substation-analytics-dashboard\data\cache\45a58b6d3e2171f33cc938b5291ffda94e33209208225456771a321cabb542ec.xlsx	3142348	2026-06-24 12:01:11
C:\Users\arunr\Projects\substation-analytics-dashboard\data\cache\463b1be98d0eea4b07e9f69a0ae74dd9e278fe8f18d412944270997fc422bcca.xlsx	2941397	2026-06-24 17:12:01
C:\Users\arunr\Projects\substation-analytics-dashboard\data\cache\47c3a73dedfb6878ac0534f824b79fe1e68eb89226b1ca2bf593a8fbe998ebb2.xlsx	2940667	2026-06-24 17:09:53
C:\Users\arunr\Projects\substation-analytics-dashboard\data\cache\49113c8be518b2a9124715dbdccf75b317c9a9b64b83eba9194fc1836b834d11.xlsx	3138424	2026-06-23 16:46:05
C:\Users\arunr\Projects\substation-analytics-dashboard\data\cache\4a004c09578018f27fdd55b2f7b67243ee93a9b7257e4548732101e82f027d86.xlsx	2953560	2026-06-24 16:07:24
C:\Users\arunr\Projects\substation-analytics-dashboard\data\cache\4a397d88eb8367d837510a29fd7b8af782e0268999b0c2285322b09a764b1d4a.xlsx	2952388	2026-06-24 16:04:12
C:\Users\arunr\Projects\substation-analytics-dashboard\data\cache\4a934298e4d633eab7666939d2bf251f2f3a7705015b9073b39dd60d43c92113.xlsx	3380321	2026-06-23 17:12:21
C:\Users\arunr\Projects\substation-analytics-dashboard\data\cache\4b0cd97608c586a0ed6b629f98af8d92dd33a8b8daddaf936a3dde3fae302a22.xlsx	2945179	2026-06-24 17:03:52
C:\Users\arunr\Projects\substation-analytics-dashboard\data\cache\4bc901e26107df3825ffc4706e1d605ea3777665d66549112cb16e00efbeb442.xlsx	3128338	2026-06-24 11:59:25
C:\Users\arunr\Projects\substation-analytics-dashboard\data\cache\4c1b9e1a28b2336757a953f9d860b44b2ed75d04cf67a974beccd64ccd9a9fed.xlsx	2958536	2026-06-24 16:18:33
C:\Users\arunr\Projects\substation-analytics-dashboard\data\cache\4c58a5c784186bd613941c539ce3e5f95deaafdb9b061d757e207e349c096472.xlsx	2961555	2026-06-24 16:22:29
C:\Users\arunr\Projects\substation-analytics-dashboard\data\cache\4cbe760fc33f91bee811c07df26ec48de020c3b19ee1fcd62e3d63f632d0cf9b.xlsx	3223529	2026-06-24 11:21:57
C:\Users\arunr\Projects\substation-analytics-dashboard\data\cache\4dc6bef05ba2ddfc5ddcad5edee952de30fbf4284bf3ed1a7537cd625f46b36e.xlsx	2948253	2026-06-24 16:13:56
C:\Users\arunr\Projects\substation-analytics-dashboard\data\cache\4e359dc23a29352715cf2f70ba40d1954491f7d13b3591ab6e845a7e7549f072.xlsx	2963186	2026-06-24 15:52:36
C:\Users\arunr\Projects\substation-analytics-dashboard\data\cache\4ea858d090494639d589189d306f14606713f1a17a70c9c889406b9d52441d34.xlsx	3220629	2026-06-24 11:00:27
C:\Users\arunr\Projects\substation-analytics-dashboard\data\cache\4fe9e5768b9004bdfc7f430405347449ef592dbd5d427bf1df9c8895fb142faa.xlsx	2945437	2026-06-24 13:57:53
C:\Users\arunr\Projects\substation-analytics-dashboard\data\cache\507dc997d5e8493367899961e78ee8574289a4ff2e57260ba91d34d4de2933de.xlsx	2934853	2026-06-24 17:07:14
C:\Users\arunr\Projects\substation-analytics-dashboard\data\cache\516016fc0d6dcdb89dff5c80ebe117b8ec1b57fd42125f44f747bc71ace094bd.xlsx	3142336	2026-06-23 16:43:44
C:\Users\arunr\Projects\substation-analytics-dashboard\data\cache\51bcef578a5703f911e9e167fa5331a0a74fd89919cc4dbf4353dcb37d9e5bbb.xlsx	3216573	2026-06-24 11:06:06
C:\Users\arunr\Projects\substation-analytics-dashboard\data\cache\52535e7145d0027c839e49c4063fe19043e1045c0bfd4cd773fdca28ee9b8b6b.xlsx	2963436	2026-06-24 16:05:56
C:\Users\arunr\Projects\substation-analytics-dashboard\data\cache\53045e54ca3dd1fc363fe3e3de176720682c98333e7a6ab04187ff7694b9431d.xlsx	2956743	2026-06-24 14:07:23
C:\Users\arunr\Projects\substation-analytics-dashboard\data\cache\531d69eeb30e9e625cb814318f621cd12a84d14f79a7ef5234dcef2c65247f04.xlsx	2955554	2026-06-24 16:16:23
C:\Users\arunr\Projects\substation-analytics-dashboard\data\cache\532381447b17cd9ce35e2b0c438d2fcd2917ebb781d753ae89eefbce2c2c579a.xlsx	2939881	2026-06-24 17:10:54
C:\Users\arunr\Projects\substation-analytics-dashboard\data\cache\53d04be8fd5079cd776373ef7d0ab5b5386f0aea12d160a8d1f7c35fe503a7c2.xlsx	3050418	2026-06-24 12:28:21
C:\Users\arunr\Projects\substation-analytics-dashboard\data\cache\54c1e1bdbd809f18b07cbc6ad1525e71d4fb968cd3a6c5819324cb69e9a5332e.xlsx	3215725	2026-06-24 10:58:42
C:\Users\arunr\Projects\substation-analytics-dashboard\data\cache\562cb5b5a125aa42713d0fcbc230b43a0fdf8d9749f271530cc484beb87ed243.xlsx	3125825	2026-06-24 12:05:11
C:\Users\arunr\Projects\substation-analytics-dashboard\data\cache\56b62bd637c15f5ba72b6560029a75d7475024a0269aaf7ec731eb428e34899b.xlsx	3234770	2026-06-24 11:36:36
C:\Users\arunr\Projects\substation-analytics-dashboard\data\cache\5765b80f8f40d862cd4980d733bb6ccbd9179594564db3e570f57403b71d8c70.xlsx	2938013	2026-06-24 17:13:08
C:\Users\arunr\Projects\substation-analytics-dashboard\data\cache\576c3393b6e71298ff72c2bf230ca26f7f3847787484de244a75e07e2ffa9a2c.xlsx	2965890	2026-06-24 16:19:06
C:\Users\arunr\Projects\substation-analytics-dashboard\data\cache\57eee303f28d5f5b9efcfb605b630d62193698c6de5daf4062e254eaaebc6059.xlsx	3056244	2026-06-24 12:09:04
C:\Users\arunr\Projects\substation-analytics-dashboard\data\cache\5901e0ed39d91a25a0e6f36a366d08dd146e6699cc1e765a9c7148b0d9334168.xlsx	2970321	2026-06-24 16:23:58
C:\Users\arunr\Projects\substation-analytics-dashboard\data\cache\596fce469f6801fa68bb25155609fe76bf637af471f2cab51e929a8cea355263.xlsx	3222348	2026-06-24 11:01:23
C:\Users\arunr\Projects\substation-analytics-dashboard\data\cache\5d6bf82170a1e7c2de9d23a1c2032ed8c26b0e42e56178bdd50e52dcf22ec7dc.xlsx	3141309	2026-06-24 12:06:09
C:\Users\arunr\Projects\substation-analytics-dashboard\data\cache\5eea0a9f1ea3b7b7c233b868592048b0ef141b41da4a72bf27cdeb2808bd5a90.xlsx	3224148	2026-06-24 11:04:31
C:\Users\arunr\Projects\substation-analytics-dashboard\data\cache\5f0104c75f643a3894337cc521ce173204a979834360b5b5f2fee3d4b5c772b9.xlsx	3219976	2026-06-23 17:13:07
C:\Users\arunr\Projects\substation-analytics-dashboard\data\cache\60bc716f3b1b88a14ccb6d539c8b5a98101c2ead6c4f013bde270a7fe3fd1748.xlsx	3221980	2026-06-24 11:37:06
C:\Users\arunr\Projects\substation-analytics-dashboard\data\cache\61f7e88a580d2b5faab00352a0657af40af3c1f23ebe0a9be511979d86b318eb.xlsx	2910725	2026-06-24 17:23:48
C:\Users\arunr\Projects\substation-analytics-dashboard\data\cache\635a04eda42a272a7d67d8050f8219f3a54464e480404754349295e92b2cdc9b.xlsx	2957083	2026-06-24 16:15:23
C:\Users\arunr\Projects\substation-analytics-dashboard\data\cache\6424c89374511963a95f88f8cc046d30d34db1ba54a60b1fc81e908f53aa4cc0.xlsx	3134927	2026-06-24 11:43:12
C:\Users\arunr\Projects\substation-analytics-dashboard\data\cache\645c792207117ca089eb02db236923c8d8d154ab08f9e0337dfa42ee95831902.xlsx	3041555	2026-06-24 12:13:06
C:\Users\arunr\Projects\substation-analytics-dashboard\data\cache\646f6cce3e85f72e63cdc6207d06255b9882232ed6d5e15d95e0b05c7cf4fc35.xlsx	2964545	2026-06-24 14:23:40
C:\Users\arunr\Projects\substation-analytics-dashboard\data\cache\6793b40c986ffcbc9e32d1c942f2beba955141c264cc9a38edb78210c6d68e1b.xlsx	12801	2026-06-23 16:18:00
C:\Users\arunr\Projects\substation-analytics-dashboard\data\cache\6819e72a4e0e57550364ffca7cdf42a7d3beb4d48b54de4de851242900483b98.xlsx	3086379	2026-06-24 12:25:04
C:\Users\arunr\Projects\substation-analytics-dashboard\data\cache\68997f0897caf302463b34486c917e06dbba43be0e455bcf9bc7cbb4d2b5e221.xlsx	3225445	2026-06-24 11:38:33
C:\Users\arunr\Projects\substation-analytics-dashboard\data\cache\69ef6a33579b506aff7ea1966e7b8cfd0e58b29456e39da17d9b1d963e633813.xlsx	3132019	2026-06-24 11:54:20
C:\Users\arunr\Projects\substation-analytics-dashboard\data\cache\6a326e9969cb8636b1b37aa057845ee66ef829f074bf89b18e8c33f0cebf5ea6.xlsx	2942922	2026-06-24 17:16:02
C:\Users\arunr\Projects\substation-analytics-dashboard\data\cache\6a47f8da855b3c35f9cfe558c827d76f01929a742cf1a6f00008dd9d93f604ce.xlsx	2939594	2026-06-24 17:18:23
C:\Users\arunr\Projects\substation-analytics-dashboard\data\cache\6a699e5e21abd490fcc03e28636ee91b50b97909e5a59f1d61325fa6c97b0129.xlsx	3114463	2026-06-24 12:05:41
C:\Users\arunr\Projects\substation-analytics-dashboard\data\cache\6b5702d32fe810e4a7b9a06887bfd698e65b3da36497ff428536f7e3b7560ee5.xlsx	2932054	2026-06-24 17:27:59
C:\Users\arunr\Projects\substation-analytics-dashboard\data\cache\6c3bb50d5d3a1715896c3ab74f22493dd21e9da3aaf71fae4fe3bb10aee316cb.xlsx	2966678	2026-06-24 15:57:14
C:\Users\arunr\Projects\substation-analytics-dashboard\data\cache\6c975a3fe02c9642b5107a12a14abc4354f88232885719fa262e9d249a930d9f.xlsx	2942376	2026-06-24 17:17:57
C:\Users\arunr\Projects\substation-analytics-dashboard\data\cache\6cdf5ff2ef006fc3080e68b92a78e1c4b31fd1bb4e28d3bf8787109b19830ad9.xlsx	3134846	2026-06-24 11:47:05
C:\Users\arunr\Projects\substation-analytics-dashboard\data\cache\6de68db3b7a07ed5044520f3107e4fc613145977db997f027b3d10aca6292599.xlsx	3153730	2026-06-23 16:44:12
C:\Users\arunr\Projects\substation-analytics-dashboard\data\cache\6eb51d72845435ef7ad45cfc84e9ead4b71b9b93042106f9c56a96914262b37f.xlsx	2968923	2026-06-24 16:15:53
C:\Users\arunr\Projects\substation-analytics-dashboard\data\cache\6ee822f0b917af0ea89bab88700f4ba2d3f04362f7f84d7c190eca5817700df7.xlsx	3208327	2026-06-24 11:23:23
C:\Users\arunr\Projects\substation-analytics-dashboard\data\cache\6f277c83219bce48c3bb73e4b3d69fe09b51a727b71ad583ea61fc4d26b20ed7.xlsx	2958312	2026-06-24 14:10:59
C:\Users\arunr\Projects\substation-analytics-dashboard\data\cache\70631bd4d3f6cef98e2676add0e6327022088f4ad74d64037e85d0a8c3fa7e71.xlsx	2957279	2026-06-24 16:23:29
C:\Users\arunr\Projects\substation-analytics-dashboard\data\cache\7072850e6477011770efc956e7260684251d78b3b4d0df2853048e5d78e613b7.xlsx	3039676	2026-06-24 12:16:33
C:\Users\arunr\Projects\substation-analytics-dashboard\data\cache\711fba52281883cd950e47d17bbd5866e62502e5c89d1ffbb633a2c91ef7b820.xlsx	2943234	2026-06-24 15:59:16
C:\Users\arunr\Projects\substation-analytics-dashboard\data\cache\7264ea2d352615f69024c325914cbbf7a9ef261419b207e0c4c6c7a030d2011c.xlsx	3042664	2026-06-24 12:21:36
C:\Users\arunr\Projects\substation-analytics-dashboard\data\cache\731e054ff678825f608aff57c5a91d9483f4ca0f0b5fc9b223fc78140c356cb0.xlsx	2935072	2026-06-24 16:59:37
C:\Users\arunr\Projects\substation-analytics-dashboard\data\cache\73ca87218e90c68874677d5aab2561eb60ab9da5b6be8ac418e244e9ace2c196.xlsx	2964558	2026-06-24 16:09:16
C:\Users\arunr\Projects\substation-analytics-dashboard\data\cache\73db0ff254b3b3f15d10ac76faa3ecfa1c32e9a332ec0fff562928bd4f3052ef.xlsx	3045503	2026-06-24 12:31:44
C:\Users\arunr\Projects\substation-analytics-dashboard\data\cache\74d73415ae378f7f79c95b0fd86ee7abfd84689dffa088bb13f678eac068ef1b.xlsx	3225175	2026-06-24 11:32:06
C:\Users\arunr\Projects\substation-analytics-dashboard\data\cache\76e1c2c9f6623c1961dfb6299557c9fef11bad6cba6e8029e30918dc3009d0be.xlsx	2944937	2026-06-24 17:05:39
C:\Users\arunr\Projects\substation-analytics-dashboard\data\cache\76f9eeeba8e7c81d08fa65df515fa3e4d4db44e6a158ba1e1670d96a39bd29a2.xlsx	2926106	2026-06-24 17:23:06
C:\Users\arunr\Projects\substation-analytics-dashboard\data\cache\77060aa6ebad7c9805084e21375d4dd4b5ff0fcb00410be90d1dfe336dad5ceb.xlsx	3297914	2026-06-24 11:57:57
C:\Users\arunr\Projects\substation-analytics-dashboard\data\cache\780a3f4e674217d2bf0cad417bdfa1d00abd8d8897881e33c34ce0c7a20e8e08.xlsx	3175300	2026-06-23 16:18:11
C:\Users\arunr\Projects\substation-analytics-dashboard\data\cache\78f89dfff6fc9103096d5904177019b5a2b4efc3b87dce7721ae257a1b931023.xlsx	3225068	2026-06-24 11:21:14
C:\Users\arunr\Projects\substation-analytics-dashboard\data\cache\79890d1f04572fb9848d005d25fbd84b666258d29a801fd0153cc648cebcf229.xlsx	3140289	2026-06-24 11:47:34
C:\Users\arunr\Projects\substation-analytics-dashboard\data\cache\79bb979227f289d035e31ac0149fc0c97f44bd0b605e7702994812dd895c3c3c.xlsx	3226487	2026-06-24 11:16:43
C:\Users\arunr\Projects\substation-analytics-dashboard\data\cache\7a92e4341d5274a33dee91868b02ba111c9bff2edbc56c08cdf63ead50223c67.xlsx	2962258	2026-06-24 13:51:26
C:\Users\arunr\Projects\substation-analytics-dashboard\data\cache\7ab8209fb6b0def87f8e28a2dc03f4f6d170dcc87705cb912e9a4a52f1f89f7a.xlsx	3127286	2026-06-23 17:08:20
C:\Users\arunr\Projects\substation-analytics-dashboard\data\cache\7b7b1b96ecd251a116b5eeaf0e4d5de38a25d6ee10b4528abdf61e71daa6be2c.xlsx	3040224	2026-06-24 12:17:32
C:\Users\arunr\Projects\substation-analytics-dashboard\data\cache\7bd4bb4f34d3361b19a46924d168ec28bce3135b374d5b23bd3c0cee733159dd.xlsx	2956021	2026-06-24 16:17:28
C:\Users\arunr\Projects\substation-analytics-dashboard\data\cache\7d29b3ff96db0298f8570105f6d65e7545a0ddb2c6458c20b6b2748f7b448277.xlsx	2958646	2026-06-24 16:22:59
C:\Users\arunr\Projects\substation-analytics-dashboard\data\cache\7d67d183d5c67ef0f1bb6398ca387c0d1db99d3490c338e6dce7fad5a595774b.xlsx	3134501	2026-06-24 11:53:55
C:\Users\arunr\Projects\substation-analytics-dashboard\data\cache\7de0a5058f639f6a5015e7f59ddf7f6dee61c86fcba740afcb054ca547f0c76f.xlsx	3142469	2026-06-24 11:45:26
C:\Users\arunr\Projects\substation-analytics-dashboard\data\cache\7e5e609f7c7160fbc465cb6279c4759ac60c321fc2bc5325642bae6b22a90a67.xlsx	3222895	2026-06-24 10:59:28
C:\Users\arunr\Projects\substation-analytics-dashboard\data\cache\7eb1e8a4460b9661435a190c368a10f7db95728f4579410fd99d1c40355abfa4.xlsx	3108284	2026-06-23 17:06:10
C:\Users\arunr\Projects\substation-analytics-dashboard\data\cache\7f97562f7408c8d3ed4c7fa42f516fdedb796465a1292b0880873122aaf8046d.xlsx	3220261	2026-06-24 11:09:00
C:\Users\arunr\Projects\substation-analytics-dashboard\data\cache\80b7cf24d27a046f05335a5899ad2a9bb0ee462590ce5a331d426fd0a9cb143e.xlsx	3217600	2026-06-24 11:18:38
C:\Users\arunr\Projects\substation-analytics-dashboard\data\cache\8144d244e42889edc39780a9ba953e5e914be4e76280c1a1220e7e2263d1c316.xlsx	2961059	2026-06-24 13:52:09
C:\Users\arunr\Projects\substation-analytics-dashboard\data\cache\81c986726d89ba468206ff78f980a683d652b45459cb1cdcecc0877b49220bda.xlsx	2956913	2026-06-24 16:14:27
C:\Users\arunr\Projects\substation-analytics-dashboard\data\cache\824e7c2a9b590b10b8ba593b60cfa44127471474e1519a535017b6a12839ff6e.xlsx	3215835	2026-06-24 11:04:03
C:\Users\arunr\Projects\substation-analytics-dashboard\data\cache\82b46beb5f52e6dd770729254afa1c2b8b3a69855a393b2cc54c230e0e8b85a5.xlsx	2968301	2026-06-24 14:18:22
C:\Users\arunr\Projects\substation-analytics-dashboard\data\cache\8339c7f0471da413e4e52cd8ece9833b2204e794b3d407ce9c7893477980d741.xlsx	2935782	2026-06-24 16:59:05
C:\Users\arunr\Projects\substation-analytics-dashboard\data\cache\83c1890b7907038562679e59069ff2284160e11d8b67f97bb9a62b1f80d24165.xlsx	2945752	2026-06-24 15:44:43
C:\Users\arunr\Projects\substation-analytics-dashboard\data\cache\84445ac983fc87f0761ccf1ab239cb4d905d67a0f9e6a238d4165d9bf4bbc6a6.xlsx	2964823	2026-06-24 14:09:31
C:\Users\arunr\Projects\substation-analytics-dashboard\data\cache\84c8bb90cac2b19e583ed1ed30b9d075b1acce0bad5f5ebd21aa9961f16917ab.xlsx	2971289	2026-06-24 15:51:44
C:\Users\arunr\Projects\substation-analytics-dashboard\data\cache\850aa7e6c6d3145d3300efe3e7f5df1db46c0fbf3342d3726598962fcfda59a1.xlsx	2965251	2026-06-24 15:40:34
C:\Users\arunr\Projects\substation-analytics-dashboard\data\cache\85576db4e5459361af029ee091dd1f3b56ab3915ec1af19b7b8a0898503006d7.xlsx	2956213	2026-06-24 14:08:48
C:\Users\arunr\Projects\substation-analytics-dashboard\data\cache\85a77ab1e0761cb2c53bbd14cd3e9205b3c916a9c7f31a91d8027414b463698c.xlsx	2960080	2026-06-24 16:11:30
C:\Users\arunr\Projects\substation-analytics-dashboard\data\cache\860d4fccf031a33925520f3389bdbd7e0eb3ce80138c83a78a3bdcc67c80fdc5.xlsx	2969893	2026-06-24 14:22:57
C:\Users\arunr\Projects\substation-analytics-dashboard\data\cache\86df52c673ab599d52d82698f12c6dcf4bafb459916314a950c246f0b3420ee4.xlsx	2956765	2026-06-24 13:48:15
C:\Users\arunr\Projects\substation-analytics-dashboard\data\cache\878fc82e22ddb45a396d19a5d66bdaf86e7a12c8cebace9c9653a460f6a5076e.xlsx	3041002	2026-06-24 12:33:29
C:\Users\arunr\Projects\substation-analytics-dashboard\data\cache\886e8abee63c0eae6c6cb63d266871ccf73085997074ab9fd8173e2e054283a2.xlsx	3036552	2026-06-24 12:35:29
C:\Users\arunr\Projects\substation-analytics-dashboard\data\cache\88d2c9a2fb4674edb32cab8ea2c0ee585642082756762cef46fe800c859d8800.xlsx	2962394	2026-06-24 14:14:42
C:\Users\arunr\Projects\substation-analytics-dashboard\data\cache\89db0df6a9c00dc79829174325cf861634e836618a4b28b2542f453c30b7725e.xlsx	3142743	2026-06-24 11:55:11
C:\Users\arunr\Projects\substation-analytics-dashboard\data\cache\89f5ab79bae7e4bb815f9a0d92dce18f896995f3183b380d83a8420322989c9c.xlsx	3120612	2026-06-23 17:10:43
C:\Users\arunr\Projects\substation-analytics-dashboard\data\cache\8a450d7259473735a99c38ca1cc12de85e1e53cb3be1ebc4d33a2bd690f8498b.xlsx	3042442	2026-06-24 12:38:26
C:\Users\arunr\Projects\substation-analytics-dashboard\data\cache\8a515d43a01d9b620115f8b491c7549480b629b534aa2f2316486db7930d9eac.xlsx	3055863	2026-06-24 12:07:34
C:\Users\arunr\Projects\substation-analytics-dashboard\data\cache\8b3ab329e60d175f3e30f257a15c5517010650f1f684319cbd4f5b7c179ba81f.xlsx	3030469	2026-06-24 12:18:35
C:\Users\arunr\Projects\substation-analytics-dashboard\data\cache\8b50e81f5721e5c97a097c57150ae2902755a4d55b65b540736e3fce79f92fb3.xlsx	3133305	2026-06-23 16:58:11
C:\Users\arunr\Projects\substation-analytics-dashboard\data\cache\8ba58e2479230bc23e44fc6acbbfa3d52cbeadf8d8a9572afe2f881430009af6.xlsx	2960502	2026-06-24 13:46:16
C:\Users\arunr\Projects\substation-analytics-dashboard\data\cache\8c4f7c6c46099bbe474163ab001da57f8904d6399f4beba19b634b787139d605.xlsx	3131502	2026-06-24 11:51:37
C:\Users\arunr\Projects\substation-analytics-dashboard\data\cache\8c746c09d31136d0cdcb02988913de76ebf170dc380f0b96f0fa295279375409.xlsx	3186085	2026-06-23 16:43:16
C:\Users\arunr\Projects\substation-analytics-dashboard\data\cache\8c958a60d424fcc7b7506762a9246ef47a4825204489a520baf51e1150e9aceb.xlsx	2932456	2026-06-24 17:24:18
C:\Users\arunr\Projects\substation-analytics-dashboard\data\cache\8c98c3c1611fa2fe25b8541a4afc1e17e63deb1357885018c2c3b039c1e07915.xlsx	2959232	2026-06-24 14:21:19
C:\Users\arunr\Projects\substation-analytics-dashboard\data\cache\8cd48f03dc4af105a6b8e58937b263b5b5267c1f4d8947be42073c6a6ea4f5f6.xlsx	3039107	2026-06-24 12:24:03
C:\Users\arunr\Projects\substation-analytics-dashboard\data\cache\8d71e561103c66b6b90de3ae031e06cd6218299da5920c6c10d585be9e4b56f6.xlsx	3042618	2026-06-24 12:37:17
C:\Users\arunr\Projects\substation-analytics-dashboard\data\cache\8dc60adba4de6db5bac9ac3d6cc2c230d98d990e72f8eca8dff16627781d2371.xlsx	3118687	2026-06-24 12:04:44
C:\Users\arunr\Projects\substation-analytics-dashboard\data\cache\8e5d797da8fde59482393ccec28c8bf1132c21d3da529c560a2b643d35801cbf.xlsx	2938098	2026-06-24 13:57:09
C:\Users\arunr\Projects\substation-analytics-dashboard\data\cache\8e750378cb20322e89a260760276ee78533b93cb1fc6369653ff4ac98d6dd375.xlsx	3225314	2026-06-24 11:14:12
C:\Users\arunr\Projects\substation-analytics-dashboard\data\cache\8fb76a38741cd057232257bcae0b71c9c50b30f6b18a9d21567256e63526383e.xlsx	3129601	2026-06-23 17:01:56
C:\Users\arunr\Projects\substation-analytics-dashboard\data\cache\905425854a269dfdeb59cfee0d3387abf01d0fbe0868c5d0c622019ba874741b.xlsx	3238952	2026-06-23 17:09:58
C:\Users\arunr\Projects\substation-analytics-dashboard\data\cache\913cc6ea0011c6b54e18a7612e6b739a38d747e38fabd47d2beb400576902d12.xlsx	3221150	2026-06-24 11:13:28
C:\Users\arunr\Projects\substation-analytics-dashboard\data\cache\92181ca64fcb46b687d531d05c1ecdda4b67a047e03fa8593d15c62ee090820c.xlsx	3219210	2026-06-24 11:05:02
C:\Users\arunr\Projects\substation-analytics-dashboard\data\cache\926a391484abf03f27c32bb44b2d0426c31b474dd19e8ca7db54b7f80c76e5f9.xlsx	3130515	2026-06-23 17:01:11
C:\Users\arunr\Projects\substation-analytics-dashboard\data\cache\931d11f29f6cd67abef6cb4e3b06e2efb0fa3962807c2a7e333c0954078bccb6.xlsx	2963557	2026-06-24 15:32:57
C:\Users\arunr\Projects\substation-analytics-dashboard\data\cache\932453d0ffb0dc3a321287c32d13743ae06be2a5fc734cd5a386a78c6704c087.xlsx	2954097	2026-06-24 15:50:57
C:\Users\arunr\Projects\substation-analytics-dashboard\data\cache\94f5a1097bf3bcccd9e548ea0152323b5f111f68b6cce8839909c0fb1e988fa8.xlsx	3047104	2026-06-24 12:22:35
C:\Users\arunr\Projects\substation-analytics-dashboard\data\cache\954b4caa17d9dfb986decfc535989952e3dc2347a874ffdcaa8ef75113e46c03.xlsx	2957021	2026-06-24 16:24:28
C:\Users\arunr\Projects\substation-analytics-dashboard\data\cache\961839a6895d1e9b2f8fed8fe8577f981d0fdd14df2c10ea96daa4ca5db98037.xlsx	3042629	2026-06-24 12:08:02
C:\Users\arunr\Projects\substation-analytics-dashboard\data\cache\965b77ee1352393e7ecfc32fb8cc805ee4d83990115e4d81c418d770fce66fd9.xlsx	2978367	2026-06-24 15:39:46
C:\Users\arunr\Projects\substation-analytics-dashboard\data\cache\96c99d10e2e84627156d2f52b0a1c8a2c0d5e1195f3242c8d6ff17b1bb119355.xlsx	2951759	2026-06-24 16:14:56
C:\Users\arunr\Projects\substation-analytics-dashboard\data\cache\970f5501eaa162fb1f2b1ff5e8854c46ff55fa6256584f0fe58125cf3b673a4a.xlsx	3134102	2026-06-23 17:00:24
C:\Users\arunr\Projects\substation-analytics-dashboard\data\cache\972c07b2d79050b3d3ce1a5c25e743455372b5fd9a0b6a9c4db3a8832b4fc94e.xlsx	2947974	2026-06-24 14:03:01
C:\Users\arunr\Projects\substation-analytics-dashboard\data\cache\9735e5ca06a8385221a6913bf8ca6ad56a98b99fd44b04419218885efe26317d.xlsx	2943699	2026-06-24 17:20:20
C:\Users\arunr\Projects\substation-analytics-dashboard\data\cache\974ef515364f5580e7c1a9c83d29d730e0c0f8aeff7cdb4115040f7f22d5cadf.xlsx	3226548	2026-06-24 11:37:35
C:\Users\arunr\Projects\substation-analytics-dashboard\data\cache\975d07baa136e6d0f00af6b8b9f0c008a9188aab5f1a19e39c11218359cac8a0.xlsx	3044059	2026-06-24 12:34:52
C:\Users\arunr\Projects\substation-analytics-dashboard\data\cache\97dc929403bf698388206c8fc274c07e456bec386ade52308a74bbc00e908df7.xlsx	2948154	2026-06-24 17:14:09
C:\Users\arunr\Projects\substation-analytics-dashboard\data\cache\98151148eb526f288786193f76ca8c853d9b05c2c56a39da49ad786a7252753d.xlsx	2952739	2026-06-24 16:03:23
C:\Users\arunr\Projects\substation-analytics-dashboard\data\cache\993e5622dfadbb38d3585da1ccdd1693de7b6b564e8242c0c37867d7c9c365cb.xlsx	3044457	2026-06-24 12:27:55
C:\Users\arunr\Projects\substation-analytics-dashboard\data\cache\99c42de203231fe72323631adeced8582af1ad3be8cea5f67eec1ec1ab24e2a7.xlsx	2975351	2026-06-24 15:53:28
C:\Users\arunr\Projects\substation-analytics-dashboard\data\cache\9a5e575f61374c8df7c5d4d65f299cbe22275e16fbcd310c98d956fbd4ebf0e7.xlsx	2951839	2026-06-24 16:12:16
C:\Users\arunr\Projects\substation-analytics-dashboard\data\cache\9a617f4054fccb0073d5cab0ec71c0bfe533ff24768503d6ac6c27acc049bb42.xlsx	3225664	2026-06-24 11:34:09
C:\Users\arunr\Projects\substation-analytics-dashboard\data\cache\9b3cb5682067e6288f3da0f5a26405f29e3e605b073008871a33dfc0427b6838.xlsx	3222647	2026-06-24 11:35:11
C:\Users\arunr\Projects\substation-analytics-dashboard\data\cache\9ccc5367ed1c0ff9e8c2fc8eb208fe2940d242552ee5f1064e9aa32f9ad82950.xlsx	3223598	2026-06-24 11:14:59
C:\Users\arunr\Projects\substation-analytics-dashboard\data\cache\9d808deb70684d4ff5e79dc33ab13ef258ed2276a84c631918a7ed97c74d8960.xlsx	3047782	2026-06-24 12:27:01
C:\Users\arunr\Projects\substation-analytics-dashboard\data\cache\9dab2cbad85435ffe512cae897671f942fa534f10961700ebbaed332b6d4b4f0.xlsx	2940052	2026-06-24 17:03:22
C:\Users\arunr\Projects\substation-analytics-dashboard\data\cache\9dbf8d51f4c9dc07da00d9b32e97810ae7541eeeaf6dae8802a51d28677898c5.xlsx	3228380	2026-06-24 11:19:58
C:\Users\arunr\Projects\substation-analytics-dashboard\data\cache\9e6eba6d222736b23dac3dc8a8ee22b3da6f26f33e3f0404f83bd801ee301264.xlsx	3229771	2026-06-24 11:35:40
C:\Users\arunr\Projects\substation-analytics-dashboard\data\cache\9eae2c3eae4aa9c888dd768c2b90d18da1cce3fc11e9595205837ffb52355bbd.xlsx	3141174	2026-06-23 16:47:04
C:\Users\arunr\Projects\substation-analytics-dashboard\data\cache\9ec2f3bc2cd4f7fd72de01dccb76ba9ed9589ba345430c8f4a872a6c757961d8.xlsx	3127397	2026-06-23 17:06:55
C:\Users\arunr\Projects\substation-analytics-dashboard\data\cache\9fb415748d9457497632f06cb1f9c80bf8f97888281a1b770f27a9484c9f84b6.xlsx	3148398	2026-06-23 16:46:34
C:\Users\arunr\Projects\substation-analytics-dashboard\data\cache\a053ac8677bc01e151d829a4af7457a412950e98597279290da9b8ad8f482834.xlsx	3042013	2026-06-24 12:24:35
C:\Users\arunr\Projects\substation-analytics-dashboard\data\cache\a0da96b53adc85523715bbd4a88ead7c2c2089d241fbfdde23c17c89ed1ac5c9.xlsx	3225172	2026-06-24 11:28:46
C:\Users\arunr\Projects\substation-analytics-dashboard\data\cache\a15f03ab941c35218f6f6331b3e10bcb363ff22e215c8cd1f2ba2fd2df389c93.xlsx	3213976	2026-06-24 11:23:58
C:\Users\arunr\Projects\substation-analytics-dashboard\data\cache\a1bf8305126549289b5ff9cafa19826cb5f7643511793fbcf8b7f210f0b9ac9b.xlsx	3126462	2026-06-23 17:02:41
C:\Users\arunr\Projects\substation-analytics-dashboard\data\cache\a34f09f5f15d3fcde0c1a4fca48aae5c05c081633e5861419a20a011d982c202.xlsx	3111729	2026-06-23 17:04:52
C:\Users\arunr\Projects\substation-analytics-dashboard\data\cache\a3922f7de2bffb853336399170fafba01a3b7d3062d4bfd1c478a0981c98f3df.xlsx	2958284	2026-06-24 14:20:37
C:\Users\arunr\Projects\substation-analytics-dashboard\data\cache\a3c27a567bd22f1f8698a5e8521f89640c6c160c9ee3549c1df6a151690901ce.xlsx	3215785	2026-06-24 11:07:36
C:\Users\arunr\Projects\substation-analytics-dashboard\data\cache\a3c3723ddd7412f523a01c3938247f9d677d3ca49bf3fadffd6f9d768f5adf58.xlsx	3140246	2026-06-23 16:44:39
C:\Users\arunr\Projects\substation-analytics-dashboard\data\cache\a4d5f92bc44b192e86c4ef2518089ce06331fd1220e5ce10b19681cea7fec2f1.xlsx	2934016	2026-06-24 17:06:09
C:\Users\arunr\Projects\substation-analytics-dashboard\data\cache\a545f629dda5da11c9fbabe284aa92e154d3389e466a8c8d112479750bb9942b.xlsx	2944040	2026-06-24 16:58:20
C:\Users\arunr\Projects\substation-analytics-dashboard\data\cache\a5aec56b61e33e4e5fa4d3da9eff23cd87517753a2f8f20d4c9e4830f618a268.xlsx	3129985	2026-06-24 12:02:16
C:\Users\arunr\Projects\substation-analytics-dashboard\data\cache\a6e0cd57fcb18e51e1e40af6ce96569b770ab18912bc32bb42d41d397928577b.xlsx	2964802	2026-06-24 15:55:26
C:\Users\arunr\Projects\substation-analytics-dashboard\data\cache\a6e61c9d8dc0777fe43a5f24a90841153f551a88c7d9f0b9d6791ad2b3d250c5.xlsx	3208174	2026-06-24 11:17:55
C:\Users\arunr\Projects\substation-analytics-dashboard\data\cache\a7c5a1cfd7d0ebfb4e9764705c1b957f052f62dafd539ace56b1d8d3d0733781.xlsx	2938184	2026-06-24 17:26:06
C:\Users\arunr\Projects\substation-analytics-dashboard\data\cache\a8cbba173dd8e88888e222ad39434c96e00f1af160f36cf0ddf2ac192a773a20.xlsx	2978479	2026-06-24 15:34:28
C:\Users\arunr\Projects\substation-analytics-dashboard\data\cache\aa9786b8ea850295cd3416efb673d43c0ded38b4a335e3aa0da8edb7daaf6345.xlsx	3208391	2026-06-24 11:10:11
C:\Users\arunr\Projects\substation-analytics-dashboard\data\cache\aaf5a14da9916f4eddfffdcfba9acf5c6e98a2845dc185e7b808a5ad766d2475.xlsx	3222722	2026-06-24 11:02:15
C:\Users\arunr\Projects\substation-analytics-dashboard\data\cache\aba99b8463ee0dfe4b2f527d94b7032d1afa77b98fdbae6008d4c5b19579018b.xlsx	3176432	2026-06-24 11:51:08
C:\Users\arunr\Projects\substation-analytics-dashboard\data\cache\abd8e1a51da05f7df34b4f830677a2cc250f2c7a4619c220405df35cb14af430.xlsx	2974434	2026-06-24 15:54:18
C:\Users\arunr\Projects\substation-analytics-dashboard\data\cache\adc80d10153e4cd9a6a006a365a9f6371ef3f5d83653fd478413575c62377254.xlsx	3121641	2026-06-24 12:02:45
C:\Users\arunr\Projects\substation-analytics-dashboard\data\cache\ae86df651c33f73b3ac5e8ff8a9557323ccc81d1053e1627257518d4e6b7a3a5.xlsx	3047883	2026-06-24 12:17:00
C:\Users\arunr\Projects\substation-analytics-dashboard\data\cache\af07652e535abd5a13268ee45dcd6785f1094fc2e86356cd8183c15fa581a15e.xlsx	2938674	2026-06-24 17:15:10
C:\Users\arunr\Projects\substation-analytics-dashboard\data\cache\afa91145d3bf73ed33ffaaf0e9d805a94d3938d701caf43fe1ec4dde26d9c1b0.xlsx	2969910	2026-06-24 15:45:33
C:\Users\arunr\Projects\substation-analytics-dashboard\data\cache\affb488d5107f486e5b336fea106f33727ef8ce184a0e05cdc6bc62815a07cec.xlsx	2965685	2026-06-24 14:15:28
C:\Users\arunr\Projects\substation-analytics-dashboard\data\cache\b02905ca684b5e625b39bb6f0f6e984c68a18f009466941e132bd98c76e4544a.xlsx	3235035	2026-06-24 11:42:03
C:\Users\arunr\Projects\substation-analytics-dashboard\data\cache\b090a4bba50b19ad8daf079e5fe8c5777831b69e1b419ab47417a7561a59776e.xlsx	3138866	2026-06-24 11:52:50
C:\Users\arunr\Projects\substation-analytics-dashboard\data\cache\b0e1ce12d12c6ff78421ec886a4d728b26f5686be460fb51ed7bc50ae77d34a7.xlsx	3217815	2026-06-23 17:18:30
C:\Users\arunr\Projects\substation-analytics-dashboard\data\cache\b13b3ce78dba5b2bd686c4bd3f0e521f5229d694d5c5e2983fc78ce017110391.xlsx	2965209	2026-06-24 16:25:00
C:\Users\arunr\Projects\substation-analytics-dashboard\data\cache\b175b53838973db8c9a8f54f6540e5b77f6629caba4c8c345805d71676170be9.xlsx	2965664	2026-06-24 13:46:55
C:\Users\arunr\Projects\substation-analytics-dashboard\data\cache\b213b485475bfd63b3fc0ba39989d046730e42ae995ae9304fb86c59e6ece813.xlsx	3206106	2026-06-24 11:12:32
C:\Users\arunr\Projects\substation-analytics-dashboard\data\cache\b2279fbe318ceb4b949c1f08e9a42aaba5e0750c3f5a51511249a0af3a5453bf.xlsx	2941872	2026-06-24 14:16:59
C:\Users\arunr\Projects\substation-analytics-dashboard\data\cache\b2c9f640c13662e5415c9d2ac4251a2eaed050b3d24a7eaa367ffabcb8d58377.xlsx	3144259	2026-06-24 11:48:42
C:\Users\arunr\Projects\substation-analytics-dashboard\data\cache\b344f7b6a68fdd09ee22380a5bc91cab0e15b64bc24aa3ce07809d8c05ae1243.xlsx	3220741	2026-06-24 11:27:13
C:\Users\arunr\Projects\substation-analytics-dashboard\data\cache\b54046ccea0c20cf4444d787e5af2f2e5bc7a5d5156864dfcebdf533a05d37a6.xlsx	3223258	2026-06-24 11:29:17
C:\Users\arunr\Projects\substation-analytics-dashboard\data\cache\b5cacc954624c3e0127f849e8ad2d9bfb6a7239dc6676a035fb8d73ade47fa4c.xlsx	2945135	2026-06-24 16:20:09
C:\Users\arunr\Projects\substation-analytics-dashboard\data\cache\b5cfc252838937e9817bfa5e589eab55a11b1845eeb2dc51bdd521576df36c7c.xlsx	2942545	2026-06-24 17:05:15
C:\Users\arunr\Projects\substation-analytics-dashboard\data\cache\b685bca2103ef86a3e3df1a67f5875810360a8b7d4e7f4119e380edc7a48a8c4.xlsx	3124187	2026-06-24 11:48:09
C:\Users\arunr\Projects\substation-analytics-dashboard\data\cache\b7a97f2c1fc83a4fda20271a4213bafe1c523775502a05eb8434abe1aed105ea.xlsx	2941123	2026-06-24 17:19:19
C:\Users\arunr\Projects\substation-analytics-dashboard\data\cache\b7e95ce436be5d3364c1e4fae8b02d5ac2b8ec767396c9e6dc3e072ef4a209c7.xlsx	2936220	2026-06-24 17:21:16
C:\Users\arunr\Projects\substation-analytics-dashboard\data\cache\b80e01f025baf0848881436d49ecfdad198bbbe531b34f38587abe22d40bc5b3.xlsx	2971329	2026-06-24 13:47:39
C:\Users\arunr\Projects\substation-analytics-dashboard\data\cache\baf0991d91e2f389f454881e95a3775a986b67397f13cbf0f0d52d655415e09a.xlsx	2953349	2026-06-24 16:17:59
C:\Users\arunr\Projects\substation-analytics-dashboard\data\cache\bc4c995e8daf0de20efd40838ff9b876375977cbef08922b511d4756d90c1204.xlsx	2933022	2026-06-24 17:08:17
C:\Users\arunr\Projects\substation-analytics-dashboard\data\cache\bd63bb635aca0b5ed34e1b8d4310e3dff9be04f328aff7b0a1b795763a6aedf6.xlsx	2932590	2026-06-24 17:08:48
C:\Users\arunr\Projects\substation-analytics-dashboard\data\cache\bedee26e0e5e0bdb521f39ca785f5a4c358a7a44b53250aa2ba7d09c9eb9a3df.xlsx	3210855	2026-06-24 11:10:56
C:\Users\arunr\Projects\substation-analytics-dashboard\data\cache\bedfa4f26f6b19a4c5d52af2fc45689986a8b7f7da342186fdb14fccd88e1b01.xlsx	2962065	2026-06-24 16:10:31
C:\Users\arunr\Projects\substation-analytics-dashboard\data\cache\bf3752b16af23416e015bdbfb02de80927582476d7b90094839c7defaabf1a9d.xlsx	2970759	2026-06-24 14:14:00
C:\Users\arunr\Projects\substation-analytics-dashboard\data\cache\c05bdff7c8a799fa24b09ee5776a84ed8f0bfa351f84ebec7a13a105659cfcff.xlsx	3205970	2026-06-24 11:30:21
C:\Users\arunr\Projects\substation-analytics-dashboard\data\cache\c0b3295ed720d8418f10dd8318575f8fd44c7982c1f54852a2ef64d3e6dfee47.xlsx	3225274	2026-06-23 17:16:54
C:\Users\arunr\Projects\substation-analytics-dashboard\data\cache\c1cac8194db444da1a31472f52d2861c51fead9a386c499e0bdae0353e21ad24.xlsx	2945105	2026-06-24 17:09:22
C:\Users\arunr\Projects\substation-analytics-dashboard\data\cache\c1cb4ce701153bb88c9cf32a0a36190a94c3d7969e8a570d76e05f786f6ad43b.xlsx	3034644	2026-06-24 12:11:50
C:\Users\arunr\Projects\substation-analytics-dashboard\data\cache\c2a0393e8311f6d9d60475329c77805384fe14784ee477645cebd82cc0f55837.xlsx	2934104	2026-06-24 17:22:39
C:\Users\arunr\Projects\substation-analytics-dashboard\data\cache\c36d755f1ba4dd5baf753cfc96e11b5f8ef5c618f5818c3cfa5e3f5f3501bc23.xlsx	2948336	2026-06-24 17:16:28
C:\Users\arunr\Projects\substation-analytics-dashboard\data\cache\c3c7cbb36785bf59ba6fc6f7ed229517d992b52136de2804357fc476cd049444.xlsx	3129919	2026-06-24 11:57:22
C:\Users\arunr\Projects\substation-analytics-dashboard\data\cache\c47ceefe72fe79222af996f7a015140915c411a7146af9d5f78c817b5f136da5.xlsx	3104843	2026-06-24 16:01:00
C:\Users\arunr\Projects\substation-analytics-dashboard\data\cache\c555a90fb37f25cf5bf1b9df061fac1daf0c1a0c71105b4de331f646969afe6d.xlsx	3111505	2026-06-23 17:05:32
C:\Users\arunr\Projects\substation-analytics-dashboard\data\cache\c6d80b432c9f9c1083f187024cf97d7ff67fe662a5a2a46240488877250bf1c4.xlsx	3131179	2026-06-24 12:00:09
C:\Users\arunr\Projects\substation-analytics-dashboard\data\cache\c7eb8948f392493d9956f8a05ad66d30347f80ebc64d829208ad03f03ce99f26.xlsx	3216662	2026-06-24 11:03:06
C:\Users\arunr\Projects\substation-analytics-dashboard\data\cache\c8b6215be930f928e3a049d98f4910c428f8a4994fc60f5a0cc17349ad87aee9.xlsx	2959686	2026-06-24 13:50:43
C:\Users\arunr\Projects\substation-analytics-dashboard\data\cache\c92032bfe6570bd435235b7b78718b0e6e95582a02580ac2603a0ef1b7d46c13.xlsx	3137402	2026-06-24 11:56:20
C:\Users\arunr\Projects\substation-analytics-dashboard\data\cache\c982a2a0d0254f32e5c2ee16d152aec0c4d538806358262193ccd08bd016db9f.xlsx	2950157	2026-06-24 17:00:43
C:\Users\arunr\Projects\substation-analytics-dashboard\data\cache\caa57c50815659c2c2f9841e7682f4848c43112ab8c8c24344a832aac88dcac9.xlsx	3050128	2026-06-24 12:07:06
C:\Users\arunr\Projects\substation-analytics-dashboard\data\cache\cb5f18c3d2149506d1a26801ffd7379a968123d6859ad335485bf46eaab0f5e5.xlsx	3220683	2026-06-23 17:14:37
C:\Users\arunr\Projects\substation-analytics-dashboard\data\cache\cb5f8fbee0bc084e3b47b39a67a15961c711ccfbddb38d29b6245f5e54556784.xlsx	2968152	2026-06-24 15:32:14
C:\Users\arunr\Projects\substation-analytics-dashboard\data\cache\cbc129d6e057bb0d509261d8977fbc1feb6206bbf6718b1ed1b594a22ea8fc01.xlsx	2968477	2026-06-24 15:36:41
C:\Users\arunr\Projects\substation-analytics-dashboard\data\cache\cd6648e21171d4c41b43b9c8a13f64389f445b5b5c24ab4079db958da1113196.xlsx	3124785	2026-06-24 11:46:32
C:\Users\arunr\Projects\substation-analytics-dashboard\data\cache\cd88897ba01ec70a814201bb5d5b61a28046dace6dbd3166446fff089d65dcc3.xlsx	2966234	2026-06-24 15:43:02
C:\Users\arunr\Projects\substation-analytics-dashboard\data\cache\ce17d5c1f66c01e23ab11dd6ce0a3e60b43e4fc3d1ca3f3605d9106bc03f0a29.xlsx	2936082	2026-06-24 17:26:35
C:\Users\arunr\Projects\substation-analytics-dashboard\data\cache\ce617b6a5f9058e4a56db80270ea2926b3f207945e6996ed56d7fc7149176954.xlsx	3047896	2026-06-24 12:34:08
C:\Users\arunr\Projects\substation-analytics-dashboard\data\cache\cf0d2afd1ee8cfc6ca5585d522655eadd12359c7c91d2e97ea294eafc624ff13.xlsx	3221185	2026-06-24 11:26:37
C:\Users\arunr\Projects\substation-analytics-dashboard\data\cache\cfa53fbc8767988d73631d2df9233e6f667c68f4e15c934711721731befd6002.xlsx	108621	2026-06-23 16:18:02
C:\Users\arunr\Projects\substation-analytics-dashboard\data\cache\d185930cd6baa6b10b51f1ecac2011caadfcc0c31a9db44a5449c53f006b3a55.xlsx	3051759	2026-06-24 12:32:26
C:\Users\arunr\Projects\substation-analytics-dashboard\data\cache\d1c12b8ac93c9cf1a06634aa4f1b32a424436ed37ec928e7ecd6fb8a139ef502.xlsx	2967406	2026-06-24 14:17:40
C:\Users\arunr\Projects\substation-analytics-dashboard\data\cache\d2604d4c5de882751d320f84c4ab0761c4099ae41d7b63895828b845d24a5313.xlsx	3217796	2026-06-23 17:13:51
C:\Users\arunr\Projects\substation-analytics-dashboard\data\cache\d260ab56885498ff05ee5c4eb6b40927250be18f4477434853a07263d5c65b20.xlsx	2951449	2026-06-24 16:21:43
C:\Users\arunr\Projects\substation-analytics-dashboard\data\cache\d263ee15a1457e0d5770af2baa3a69620186f4f2b42c0aecdaf35a41c5770968.xlsx	2955171	2026-06-24 16:12:52
C:\Users\arunr\Projects\substation-analytics-dashboard\data\cache\d44bfc7cfe6f1325c258209754398965043e39d1d5b75b6de0cf79f9f7f7f1a2.xlsx	3214178	2026-06-24 11:05:28
C:\Users\arunr\Projects\substation-analytics-dashboard\data\cache\d463602d001eab51af87099203e6fc5acea708cd310cfbab0eb66d6655a78c8c.xlsx	2940170	2026-06-24 17:15:35
C:\Users\arunr\Projects\substation-analytics-dashboard\data\cache\d478f5397297bffef960563ba7dea449b508faf7c5fd88d5b216e9027bb5a4b6.xlsx	3143913	2026-06-24 11:58:28
C:\Users\arunr\Projects\substation-analytics-dashboard\data\cache\d69c148bd6f2aeec927095406f8deefd81d77de3c9b723b58b82c4a0c3b11ffb.xlsx	2952327	2026-06-24 14:05:15
C:\Users\arunr\Projects\substation-analytics-dashboard\data\cache\d84712c219902ed42300a41a810b6bc92f2842fdb6630dc159bd3da74bb4973b.xlsx	3133195	2026-06-23 16:55:55
C:\Users\arunr\Projects\substation-analytics-dashboard\data\cache\d948bfadd84555d58c4c175316dee094c19e56f0bed45f5bd646808d84473d2e.xlsx	2964833	2026-06-24 15:48:54
C:\Users\arunr\Projects\substation-analytics-dashboard\data\cache\d98a149807d4bbd81451334c6973ec89f8351fa9cbd46b7ac32a954203768034.xlsx	2944881	2026-06-24 17:01:17
C:\Users\arunr\Projects\substation-analytics-dashboard\data\cache\da01c7f4be68ec2f6382c0a56d0687e21c5421ca0931fa8e974da0f03e9ab129.xlsx	3224026	2026-06-24 11:22:34
C:\Users\arunr\Projects\substation-analytics-dashboard\data\cache\da1db2749db88c42cedce752b475322941310d28b735f682ad57061f78151f0d.xlsx	2953452	2026-06-24 14:01:36
C:\Users\arunr\Projects\substation-analytics-dashboard\data\cache\da4642cc9472587d5dee2047be50b73c590af0f3c7bf68982b5a8b65bf75daae.xlsx	2956427	2026-06-24 14:02:18
C:\Users\arunr\Projects\substation-analytics-dashboard\data\cache\da992f6e1e92e073f06d7822d0b5e0c40f2f6e87ed569c6a7e153fa5c7271e27.xlsx	3053125	2026-06-24 12:09:36
C:\Users\arunr\Projects\substation-analytics-dashboard\data\cache\db14d4a54715b2e2984acabb528302c41ab473f20e59e9a3cde9d64194e96a2d.xlsx	2953298	2026-06-24 16:02:40
C:\Users\arunr\Projects\substation-analytics-dashboard\data\cache\db58d1960bf09f54af3d69087e536eb67c42a8aac58b767d7663b307398dc039.xlsx	2975854	2026-06-24 15:48:02
C:\Users\arunr\Projects\substation-analytics-dashboard\data\cache\dbd17e0bf827fefb3e7657d5a426fa54ba47e23af565a5f658bcda476ce6af78.xlsx	3226790	2026-06-24 11:34:38
C:\Users\arunr\Projects\substation-analytics-dashboard\data\cache\de1732bca5410b6beb41aa8abdf2058be3e7380813efead848f0df0fcb34d2fb.xlsx	2958654	2026-06-24 16:25:26
C:\Users\arunr\Projects\substation-analytics-dashboard\data\cache\de7193d4ba3a90c90159e5d0e4d787107abdcdbb8d4d40bca75296c04571e136.xlsx	3223639	2026-06-23 17:17:36
C:\Users\arunr\Projects\substation-analytics-dashboard\data\cache\de78e14aeca772b562d969d95d5548e20dc15108f04e018463bd42d2d36bbc4e.xlsx	2956101	2026-06-24 14:00:56
C:\Users\arunr\Projects\substation-analytics-dashboard\data\cache\de8b6a253be025177d4d819908e029449c7c3b8af1ce0c4444ecd92d3abefdc6.xlsx	3037570	2026-06-24 12:14:03
C:\Users\arunr\Projects\substation-analytics-dashboard\data\cache\dedee203abf0fefc078594f88e6d600b2da656cb7d8016a9eedab41dc45066eb.xlsx	2959056	2026-06-24 14:13:11
C:\Users\arunr\Projects\substation-analytics-dashboard\data\cache\dfa8233eb8930c61605906b7c4c18e97d71a96b82e78aab080eb68e1256145f5.xlsx	2938635	2026-06-24 17:02:29
C:\Users\arunr\Projects\substation-analytics-dashboard\data\cache\dff2ba92ff4a125233d3dec304c3203ba5907831edd4a7efeb4003db33739917.xlsx	3235175	2026-06-24 11:38:01
C:\Users\arunr\Projects\substation-analytics-dashboard\data\cache\e0162bef18aea04793ad487c78b33c79502458b3ca7a480cc2fdb5b4d95badf7.xlsx	3044762	2026-06-24 12:16:02
C:\Users\arunr\Projects\substation-analytics-dashboard\data\cache\e171e3012671975ab5c8b89dcd707a12b02f37fb3b6b5a0ff6d2789baabad2cf.xlsx	2937196	2026-06-24 17:21:43
C:\Users\arunr\Projects\substation-analytics-dashboard\data\cache\e1d39fcaa219fc3d7b424f8dab9d25650298d9d3bc882726415622b0340c0b24.xlsx	2968588	2026-06-24 15:43:49
C:\Users\arunr\Projects\substation-analytics-dashboard\data\cache\e24a92090c83073fc9517a52ab9f9f38cce06b15b1a47d33fef9115de4365007.xlsx	3129704	2026-06-24 11:49:41
C:\Users\arunr\Projects\substation-analytics-dashboard\data\cache\e2586378d349fad757a7a63a46059b0ed849f7319e7cd792cea102125107bae2.xlsx	2959506	2026-06-24 13:49:16
C:\Users\arunr\Projects\substation-analytics-dashboard\data\cache\e25f6d77fb4dc5c8b0f3d4816c65869ba47e30b232e98f57b77a54db76ace0ad.xlsx	3232153	2026-06-24 11:39:04
C:\Users\arunr\Projects\substation-analytics-dashboard\data\cache\e2624cf0517d1f148840e3abe0482112f86de4508c34c2600319761704f6f9e2.xlsx	2960015	2026-06-24 15:56:17
C:\Users\arunr\Projects\substation-analytics-dashboard\data\cache\e2b3d5efe895b3720c039024d7079149616125dbc728f0bf0e7d374d5d728fe2.xlsx	3220200	2026-06-24 11:08:12
C:\Users\arunr\Projects\substation-analytics-dashboard\data\cache\e4ec94d25c9df08f6c5596313b58557d714fa353a4cada88aa905475adf0d8e1.xlsx	2969158	2026-06-24 15:37:31
C:\Users\arunr\Projects\substation-analytics-dashboard\data\cache\e4ede44281c25c6c2fd9868c23ae4bc7b4c5497b8e0fde3f27585efc90666022.xlsx	2951003	2026-06-24 16:05:06
C:\Users\arunr\Projects\substation-analytics-dashboard\data\cache\e5099a0b0423405af4888e78fcfdc700aa502811915f03286d5c49fbbee48922.xlsx	3206410	2026-06-24 11:29:48
C:\Users\arunr\Projects\substation-analytics-dashboard\data\cache\e526d9537a97051c90d1ed7485bf206ddaf88873299a882e35987a86f9b59db8.xlsx	2941302	2026-06-24 17:14:42
C:\Users\arunr\Projects\substation-analytics-dashboard\data\cache\e55337bfb39d735f803e5cf1c0c26eb903b64832c277580e03a65c332aed59d3.xlsx	2959736	2026-06-24 14:19:51
C:\Users\arunr\Projects\substation-analytics-dashboard\data\cache\e5a962b51ead0902f8059d268f3afd3a13f5f29f9753b00139bdcff33f1b61dd.xlsx	3030574	2026-06-24 12:12:21
C:\Users\arunr\Projects\substation-analytics-dashboard\data\cache\e722234bd409464d9d786fa56766e34ef8017cd82475034f329972a0111f6d38.xlsx	2948015	2026-06-24 14:08:05
C:\Users\arunr\Projects\substation-analytics-dashboard\data\cache\e760b109ec20be1e404702281c26150ca69352a87f739871f239b49d74ae61c9.xlsx	3044969	2026-06-24 12:10:12
C:\Users\arunr\Projects\substation-analytics-dashboard\data\cache\e90b247e5d15e35ee35a1f32b34c6c345c766d3b4a893a57ed2652405a5bac2b.xlsx	2968267	2026-06-24 15:47:13
C:\Users\arunr\Projects\substation-analytics-dashboard\data\cache\e92593daf63dfaf86c24dd0f2f7febe8dbdcbf8c216e6895b2c56cac2947323a.xlsx	3032305	2026-06-24 12:26:30
C:\Users\arunr\Projects\substation-analytics-dashboard\data\cache\ea221691241263178124166ab6fa521956b1cef03b45c95b8926c679ea4fc46b.xlsx	2960236	2026-06-24 13:52:54
C:\Users\arunr\Projects\substation-analytics-dashboard\data\cache\ea7c0678fb4f435e82ae71681252396e6ced419ffd68f8085c00d8e0970c46b3.xlsx	2956832	2026-06-24 16:13:30
C:\Users\arunr\Projects\substation-analytics-dashboard\data\cache\ebbd16c1a99d1f81cd3e8e42dcbdd9ed66e3198967c9670af4d6d14861034781.xlsx	3045084	2026-06-24 12:29:45
C:\Users\arunr\Projects\substation-analytics-dashboard\data\cache\ebc9c49997a398fa3139f76d3a99d4894f703a1eb6b09bc19cbbe7d3421195ce.xlsx	2970345	2026-06-24 15:46:23
C:\Users\arunr\Projects\substation-analytics-dashboard\data\cache\ec46a4cdd3b28cbc1f7bae90e021adb48e07f73b7cdfc4bf451ace8de023cce5.xlsx	3125941	2026-06-24 11:50:12
C:\Users\arunr\Projects\substation-analytics-dashboard\data\cache\ec46f321e6d85ee19aa8b34cc79c7db039c1b847cf2f88b0c650bf954c3cec5e.xlsx	2956923	2026-06-24 14:00:12
C:\Users\arunr\Projects\substation-analytics-dashboard\data\cache\edec1aa96a8fa2303f3300de93b05ca2de061b49fd386d40d6ed1a13dc2f7571.xlsx	2959631	2026-06-24 13:48:43
C:\Users\arunr\Projects\substation-analytics-dashboard\data\cache\ee4a2c21391f76a9fdf8acc9f2bd5dc9ff400761b01151968ad96afcfef900e8.xlsx	3226859	2026-06-24 11:26:02
C:\Users\arunr\Projects\substation-analytics-dashboard\data\cache\ee6775298004532c386910a4cd7834a2df12034fe76c80cac3a16ac8c0c24a66.xlsx	2945823	2026-06-24 16:57:17
C:\Users\arunr\Projects\substation-analytics-dashboard\data\cache\eed372df2a79d04c344815f72d50897b7a91b60d1832046c40cdc924c340aaa5.xlsx	3217881	2026-06-24 11:24:28
C:\Users\arunr\Projects\substation-analytics-dashboard\data\cache\ef3a4f1e7f39ecced24c364963456e7663d6219e3864d3560b51bbeccba0e875.xlsx	2936081	2026-06-24 17:04:44
C:\Users\arunr\Projects\substation-analytics-dashboard\data\cache\efb9691aeda8e87f8e3e52e63b882fa8b2caeb3556fcbbb6c2d7c4cfcfa6b4ff.xlsx	3038565	2026-06-24 12:23:30
C:\Users\arunr\Projects\substation-analytics-dashboard\data\cache\efeb44b941c0b464e5782509b2ef633060bf4ad10a153ad862f79ea1b1632218.xlsx	2975034	2026-06-24 13:45:32
C:\Users\arunr\Projects\substation-analytics-dashboard\data\cache\f120b201a4ef949b100df6735a95b467d716f789a8de24a438d0a198fcd04373.xlsx	2947324	2026-06-24 17:00:06
C:\Users\arunr\Projects\substation-analytics-dashboard\data\cache\f1b244bb5ef0222eab418d2e6e9fa2ca1786e62d4abe6b198c0d02e11ffc49d4.xlsx	2938738	2026-06-24 17:12:33
C:\Users\arunr\Projects\substation-analytics-dashboard\data\cache\f2ba3578f24010e5fc886667ebe57aa326059e7a1cac56570b5057ea0c98b176.xlsx	3038074	2026-06-24 12:28:49
C:\Users\arunr\Projects\substation-analytics-dashboard\data\cache\f2c0a8c9f9130c40934d37edcd97d53fc39b7dcb65138690a1dd342fd568e090.xlsx	3219897	2026-06-23 17:15:24
C:\Users\arunr\Projects\substation-analytics-dashboard\data\cache\f3e9c0e802df6072d0756b8044767dd37abd08dbb4e78f12318a37d61336f470.xlsx	2957483	2026-06-24 16:06:39
C:\Users\arunr\Projects\substation-analytics-dashboard\data\cache\f45ecfb6d2fd348be9c33b74c2ca90eb6246c7d0d1f1291ea5186e8e6d7bb26f.xlsx	3125893	2026-06-24 11:52:09
C:\Users\arunr\Projects\substation-analytics-dashboard\data\cache\f52c397123d55a3fafb384a8feb4fb296f5d861e6dda03537d4a87dc2b22bb41.xlsx	3136803	2026-06-23 16:55:13
C:\Users\arunr\Projects\substation-analytics-dashboard\data\cache\f61a205e45d94e20e3866af089f9d0ca60fab165820f4a3eb43242115956c5ae.xlsx	3217982	2026-06-24 11:19:12
C:\Users\arunr\Projects\substation-analytics-dashboard\data\cache\f6479d050b06f490f6c3a157123a0ad43696dec84c0646075defb4f9f713bd2f.xlsx	2973422	2026-06-24 15:33:46
C:\Users\arunr\Projects\substation-analytics-dashboard\data\cache\f6830b89fa58861b041ba961a439df7c8c86f7711753bf0301b11e8357f97fdb.xlsx	3040831	2026-06-24 12:19:21
C:\Users\arunr\Projects\substation-analytics-dashboard\data\cache\f68730992519afd4a129ed33a733d1b6acdb467908ea9378ccc9c94e91bb17f0.xlsx	2973234	2026-06-24 14:22:13
C:\Users\arunr\Projects\substation-analytics-dashboard\data\cache\f69456f8933df477bc9f4a42b92aca163ad098cd5d29ae97f504e230f14b29e5.xlsx	3143031	2026-06-23 16:45:35
C:\Users\arunr\Projects\substation-analytics-dashboard\data\cache\f9afbe88866a437adf3f053255491a90d86f48b47ccbfa8b71cb94dfeefcade1.xlsx	3125381	2026-06-24 11:44:19
C:\Users\arunr\Projects\substation-analytics-dashboard\data\cache\fa2f5c8410ee7e9c2bb3043caa58e8334f0cc9a35cdf1e42ea89f9c11616ea5f.xlsx	2938158	2026-06-24 17:22:10
C:\Users\arunr\Projects\substation-analytics-dashboard\data\cache\fae0f11ce9f53c61c761507b7254d7de6ec12f93d927e749743f1ee089e5f644.xlsx	3045427	2026-06-24 12:06:37
C:\Users\arunr\Projects\substation-analytics-dashboard\data\cache\fbd513f9935d6e3cd03216303c36e1c67a982d2642867a0599703a2a7a85efcc.xlsx	2950124	2026-06-24 14:06:40
C:\Users\arunr\Projects\substation-analytics-dashboard\data\cache\fe17b4f6ec561360ee3e6b8f09e89c82442f29cf9d9a78de3fbf7bea69d08af1.xlsx	3217273	2026-06-24 11:07:05
C:\Users\arunr\Projects\substation-analytics-dashboard\data\cache\fee22d202fb56a526bc1025b5ba8f18aaad1cabac73070a6c16cf7e93eec6f9c.xlsx	3131833	2026-06-24 12:01:40
C:\Users\arunr\Projects\substation-analytics-dashboard\data\cache\ff5225dfa1003c2e9b2922dfe6162c467e018a13212b1b606ee5d1c807e3ee89.xlsx	3146038	2026-06-24 11:58:55
C:\Users\arunr\Projects\substation-analytics-dashboard\data\cache\ffe753c84cb93aa72d8212d8c54c8750813c2a597589045dba7ed5a1f24ebff8.xlsx	2938723	2026-06-24 17:25:35
C:\Users\arunr\Projects\substation-analytics-dashboard\data\l1_sample.xlsx	12801	2026-06-23 16:04:20
C:\Users\arunr\Projects\substation-analytics-dashboard\data\l2_sample.xlsx	108621	2026-06-23 16:08:00
C:\Users\arunr\Projects\substation-analytics-dashboard\data\l3_sample.xlsx	39893	2026-06-23 16:08:32
C:\Users\arunr\Projects\substation-analytics-dashboard\Date Master 400kV Kirori.xlsx	116208	2026-06-25 12:23:35
C:\Users\arunr\Projects\substation-analytics-dashboard\Date Master 400kV Nawada.xlsx	103480	2026-06-25 12:20:43
C:\Users\arunr\Projects\substation-analytics-dashboard\Date Master TS Ambala.xlsx	107371	2026-06-25 12:24:02
C:\Users\arunr\Projects\substation-analytics-dashboard\Date Master TS Faridabad.xlsx	108621	2026-06-25 12:19:54
C:\Users\arunr\Projects\substation-analytics-dashboard\Date Master TS Gurugram.xlsx	107864	2026-06-25 12:20:56
C:\Users\arunr\Projects\substation-analytics-dashboard\Date Master TS Hisar.xlsx	108577	2026-06-25 12:22:01
C:\Users\arunr\Projects\substation-analytics-dashboard\Date Master TS Jind.xlsx	108642	2026-06-25 12:22:14
C:\Users\arunr\Projects\substation-analytics-dashboard\Date Master TS Kaithal.xlsx	108971	2026-06-25 12:23:41
C:\Users\arunr\Projects\substation-analytics-dashboard\Date Master TS Karnal.xlsx	107595	2026-06-25 12:23:48
C:\Users\arunr\Projects\substation-analytics-dashboard\Date Master TS Kurukshetra.xlsx	107889	2026-06-25 12:23:55
C:\Users\arunr\Projects\substation-analytics-dashboard\Date Master TS Madanpur.xlsx	107616	2026-06-25 12:24:11
C:\Users\arunr\Projects\substation-analytics-dashboard\Date Master TS Manesar.xlsx	107732	2026-06-25 12:21:12
C:\Users\arunr\Projects\substation-analytics-dashboard\Date Master TS Palwal.xlsx	110325	2026-06-25 12:20:28
C:\Users\arunr\Projects\substation-analytics-dashboard\Date Master TS Panipat.xlsx	107598	2026-06-25 12:23:23
C:\Users\arunr\Projects\substation-analytics-dashboard\Date Master TS Rewari.xlsx	109750	2026-06-25 12:21:33
C:\Users\arunr\Projects\substation-analytics-dashboard\Date Master TS Rohtak.xlsx	107194	2026-06-25 12:20:04
C:\Users\arunr\Projects\substation-analytics-dashboard\Date Master TS Sirsa.xlsx	108598	2026-06-25 12:22:32
C:\Users\arunr\Projects\substation-analytics-dashboard\Date Master TS Yamuna Nagar.xlsx	110485	2026-06-25 12:24:21
C:\Users\arunr\Projects\substation-analytics-dashboard\Division Master (1).xlsx	14100	2026-06-25 11:33:30
C:\Users\arunr\Projects\substation-analytics-dashboard\scripts\data\cache\6793b40c986ffcbc9e32d1c942f2beba955141c264cc9a38edb78210c6d68e1b.xlsx	12801	2026-06-23 16:13:30
C:\Users\arunr\Projects\substation-analytics-dashboard\scripts\data\cache\780a3f4e674217d2bf0cad417bdfa1d00abd8d8897881e33c34ce0c7a20e8e08.xlsx	3175300	2026-06-23 16:16:09
C:\Users\arunr\Projects\substation-analytics-dashboard\scripts\data\cache\8c746c09d31136d0cdcb02988913de76ebf170dc380f0b96f0fa295279375409.xlsx	3186085	2026-06-23 16:16:43
C:\Users\arunr\Projects\substation-analytics-dashboard\scripts\data\cache\cfa53fbc8767988d73631d2df9233e6f667c68f4e15c934711721731befd6002.xlsx	108621	2026-06-23 16:15:01
C:\Users\arunr\Projects\substation-analytics-dashboard\scripts\data\cache\f96a4e2586ff21f39b79b1dc0456dcf964647bd28c57ba354ce2cb0f05d73656.xlsx	3239820	2026-06-23 16:15:14
